<?xml version="1.0" encoding="UTF-8" ?>
<?ccsproject version="1.0"?>
<projectOptions>
	<ccsVersion value="8.1.0"/>
	<deviceVariant value="Cortex M.TM4C123GH6PM"/>
	<deviceFamily value="TMS470"/>
	<deviceEndianness value="little"/>
	<codegenToolVersion value="18.1.2.LTS"/>
	<isElfFormat value="true"/>
	<linkerCommandFile value="tm4c123gh6pm.cmd"/>
	<rts value="libc.a"/>
	<createSlaveProjects value=""/>
	<templateProperties value="id=com.ti.common.project.core.emptyProjectWithMainTemplate"/>
	<filesToOpen value="main.c"/>
	<isTargetManual value="true"/>
</projectOptions>
