<?xml version="1.0" encoding="UTF-8" standalone="no"?>
<?fileVersion 4.0.0?><cproject storage_type_id="org.eclipse.cdt.core.XmlProjectDescriptionStorage">
	<storageModule configRelations="2" moduleId="org.eclipse.cdt.core.settings">
		<cconfiguration id="com.ti.ccstudio.buildDefinitions.TMS470.Debug.835878186">
			<storageModule buildSystemId="org.eclipse.cdt.managedbuilder.core.configurationDataProvider" id="com.ti.ccstudio.buildDefinitions.TMS470.Debug.835878186" moduleId="org.eclipse.cdt.core.settings" name="Debug">
				<externalSettings/>
				<extensions>
					<extension id="com.ti.ccstudio.binaryparser.CoffParser" point="org.eclipse.cdt.core.BinaryParser"/>
					<extension id="org.eclipse.cdt.core.GmakeErrorParser" point="org.eclipse.cdt.core.ErrorParser"/>
					<extension id="com.ti.ccstudio.errorparser.CoffErrorParser" point="org.eclipse.cdt.core.ErrorParser"/>
					<extension id="com.ti.ccstudio.errorparser.AsmErrorParser" point="org.eclipse.cdt.core.ErrorParser"/>
					<extension id="com.ti.ccstudio.errorparser.LinkErrorParser" point="org.eclipse.cdt.core.ErrorParser"/>
				</extensions>
			</storageModule>
			<storageModule moduleId="cdtBuildSystem" version="4.0.0">
				<configuration artifactExtension="out" artifactName="${ProjName}" buildProperties="" cleanCommand="${CG_CLEAN_CMD}" description="" id="com.ti.ccstudio.buildDefinitions.TMS470.Debug.835878186" name="Debug" parent="com.ti.ccstudio.buildDefinitions.TMS470.Debug">
					<folderInfo id="com.ti.ccstudio.buildDefinitions.TMS470.Debug.835878186." name="/" resourcePath="">
						<toolChain id="com.ti.ccstudio.buildDefinitions.TMS470_18.1.exe.DebugToolchain.172871804" name="TI Build Tools" superClass="com.ti.ccstudio.buildDefinitions.TMS470_18.1.exe.DebugToolchain" targetTool="com.ti.ccstudio.buildDefinitions.TMS470_18.1.exe.linkerDebug.1802480099">
							<option id="com.ti.ccstudio.buildDefinitions.core.OPT_TAGS.1152522207" superClass="com.ti.ccstudio.buildDefinitions.core.OPT_TAGS" valueType="stringList">
								<listOptionValue builtIn="false" value="DEVICE_CONFIGURATION_ID=Cortex M.TM4C123GH6PM"/>
								<listOptionValue builtIn="false" value="DEVICE_ENDIANNESS=little"/>
								<listOptionValue builtIn="false" value="OUTPUT_FORMAT=ELF"/>
								<listOptionValue builtIn="false" value="CCS_MBS_VERSION=6.1.3"/>
								<listOptionValue builtIn="false" value="LINKER_COMMAND_FILE=tm4c123gh6pm.cmd"/>
								<listOptionValue builtIn="false" value="RUNTIME_SUPPORT_LIBRARY=libc.a"/>
								<listOptionValue builtIn="false" value="OUTPUT_TYPE=executable"/>
							</option>
							<option id="com.ti.ccstudio.buildDefinitions.core.OPT_CODEGEN_VERSION.497365833" name="Compiler version" superClass="com.ti.ccstudio.buildDefinitions.core.OPT_CODEGEN_VERSION" value="18.1.2.LTS" valueType="string"/>
							<targetPlatform id="com.ti.ccstudio.buildDefinitions.TMS470_18.1.exe.targetPlatformDebug.1040044384" name="Platform" superClass="com.ti.ccstudio.buildDefinitions.TMS470_18.1.exe.targetPlatformDebug"/>
							<builder buildPath="${BuildDirectory}" id="com.ti.ccstudio.buildDefinitions.TMS470_18.1.exe.builderDebug.188025796" keepEnvironmentInBuildfile="false" name="GNU Make" parallelBuildOn="true" parallelizationNumber="optimal" superClass="com.ti.ccstudio.buildDefinitions.TMS470_18.1.exe.builderDebug"/>
							<tool id="com.ti.ccstudio.buildDefinitions.TMS470_18.1.exe.compilerDebug.340113214" name="ARM Compiler" superClass="com.ti.ccstudio.buildDefinitions.TMS470_18.1.exe.compilerDebug">
								<option id="com.ti.ccstudio.buildDefinitions.TMS470_18.1.compilerID.SILICON_VERSION.1278702755" name="Target processor version (--silicon_version, -mv)" superClass="com.ti.ccstudio.buildDefinitions.TMS470_18.1.compilerID.SILICON_VERSION" useByScannerDiscovery="false" value="com.ti.ccstudio.buildDefinitions.TMS470_18.1.compilerID.SILICON_VERSION.7M4" valueType="enumerated"/>
								<option id="com.ti.ccstudio.buildDefinitions.TMS470_18.1.compilerID.CODE_STATE.25834938" name="Designate code state, 16-bit (thumb) or 32-bit (--code_state)" superClass="com.ti.ccstudio.buildDefinitions.TMS470_18.1.compilerID.CODE_STATE" useByScannerDiscovery="false" value="com.ti.ccstudio.buildDefinitions.TMS470_18.1.compilerID.CODE_STATE.16" valueType="enumerated"/>
								<option id="com.ti.ccstudio.buildDefinitions.TMS470_18.1.compilerID.ABI.431152404" name="Application binary interface. (--abi)" superClass="com.ti.ccstudio.buildDefinitions.TMS470_18.1.compilerID.ABI" useByScannerDiscovery="false" value="com.ti.ccstudio.buildDefinitions.TMS470_18.1.compilerID.ABI.eabi" valueType="enumerated"/>
								<option id="com.ti.ccstudio.buildDefinitions.TMS470_18.1.compilerID.FLOAT_SUPPORT.211108904" name="Specify floating point support (--float_support)" superClass="com.ti.ccstudio.buildDefinitions.TMS470_18.1.compilerID.FLOAT_SUPPORT" useByScannerDiscovery="false" value="com.ti.ccstudio.buildDefinitions.TMS470_18.1.compilerID.FLOAT_SUPPORT.FPv4SPD16" valueType="enumerated"/>
								<option id="com.ti.ccstudio.buildDefinitions.TMS470_18.1.compilerID.GCC.383549103" name="Enable support for GCC extensions (DEPRECATED) (--gcc)" superClass="com.ti.ccstudio.buildDefinitions.TMS470_18.1.compilerID.GCC" useByScannerDiscovery="false" value="true" valueType="boolean"/>
								<option id="com.ti.ccstudio.buildDefinitions.TMS470_18.1.compilerID.DEFINE.1707087212" name="Pre-define NAME (--define, -D)" superClass="com.ti.ccstudio.buildDefinitions.TMS470_18.1.compilerID.DEFINE" valueType="definedSymbols">
									<listOptionValue builtIn="false" value="ccs=&quot;ccs&quot;"/>
									<listOptionValue builtIn="false" value="PART_TM4C123GH6PM"/>
								</option>
								<option id="com.ti.ccstudio.buildDefinitions.TMS470_18.1.compilerID.DEBUGGING_MODEL.1173041061" name="Debugging model" superClass="com.ti.ccstudio.buildDefinitions.TMS470_18.1.compilerID.DEBUGGING_MODEL" useByScannerDiscovery="false" value="com.ti.ccstudio.buildDefinitions.TMS470_18.1.compilerID.DEBUGGING_MODEL.SYMDEBUG__DWARF" valueType="enumerated"/>
								<option id="com.ti.ccstudio.buildDefinitions.TMS470_18.1.compilerID.DIAG_WARNING.171835005" name="Treat diagnostic &lt;id&gt; as warning (--diag_warning, -pdsw)" superClass="com.ti.ccstudio.buildDefinitions.TMS470_18.1.compilerID.DIAG_WARNING" useByScannerDiscovery="false" valueType="stringList">
									<listOptionValue builtIn="false" value="225"/>
								</option>
								<option id="com.ti.ccstudio.buildDefinitions.TMS470_18.1.compilerID.DISPLAY_ERROR_NUMBER.322559888" name="Emit diagnostic identifier numbers (--display_error_number, -pden)" superClass="com.ti.ccstudio.buildDefinitions.TMS470_18.1.compilerID.DISPLAY_ERROR_NUMBER" useByScannerDiscovery="false" value="true" valueType="boolean"/>
								<option id="com.ti.ccstudio.buildDefinitions.TMS470_18.1.compilerID.DIAG_WRAP.771208563" name="Wrap diagnostic messages (--diag_wrap)" superClass="com.ti.ccstudio.buildDefinitions.TMS470_18.1.compilerID.DIAG_WRAP" useByScannerDiscovery="false" value="com.ti.ccstudio.buildDefinitions.TMS470_18.1.compilerID.DIAG_WRAP.off" valueType="enumerated"/>
								<option id="com.ti.ccstudio.buildDefinitions.TMS470_18.1.compilerID.INCLUDE_PATH.1747408937" name="Add dir to #include search path (--include_path, -I)" superClass="com.ti.ccstudio.buildDefinitions.TMS470_18.1.compilerID.INCLUDE_PATH" valueType="includePath">
									<listOptionValue builtIn="false" value="${PROJECT_ROOT}"/>
									<listOptionValue builtIn="false" value="C:\ti\TivaWare_C_Series-2.1.4.178"/>
									<listOptionValue builtIn="false" value="${CG_TOOL_ROOT}/include"/>
								</option>
								<option id="com.ti.ccstudio.buildDefinitions.TMS470_18.1.compilerID.LITTLE_ENDIAN.595213574" name="Little endian code [See 'General' page to edit] (--little_endian, -me)" superClass="com.ti.ccstudio.buildDefinitions.TMS470_18.1.compilerID.LITTLE_ENDIAN" useByScannerDiscovery="false" value="true" valueType="boolean"/>
								<inputType id="com.ti.ccstudio.buildDefinitions.TMS470_18.1.compiler.inputType__C_SRCS.1542489053" name="C Sources" superClass="com.ti.ccstudio.buildDefinitions.TMS470_18.1.compiler.inputType__C_SRCS"/>
								<inputType id="com.ti.ccstudio.buildDefinitions.TMS470_18.1.compiler.inputType__CPP_SRCS.1397148700" name="C++ Sources" superClass="com.ti.ccstudio.buildDefinitions.TMS470_18.1.compiler.inputType__CPP_SRCS"/>
								<inputType id="com.ti.ccstudio.buildDefinitions.TMS470_18.1.compiler.inputType__ASM_SRCS.404144220" name="Assembly Sources" superClass="com.ti.ccstudio.buildDefinitions.TMS470_18.1.compiler.inputType__ASM_SRCS"/>
								<inputType id="com.ti.ccstudio.buildDefinitions.TMS470_18.1.compiler.inputType__ASM2_SRCS.663040641" name="Assembly Sources" superClass="com.ti.ccstudio.buildDefinitions.TMS470_18.1.compiler.inputType__ASM2_SRCS"/>
							</tool>
							<tool id="com.ti.ccstudio.buildDefinitions.TMS470_18.1.exe.linkerDebug.1802480099" name="ARM Linker" superClass="com.ti.ccstudio.buildDefinitions.TMS470_18.1.exe.linkerDebug">
								<option id="com.ti.ccstudio.buildDefinitions.TMS470_18.1.linkerID.MAP_FILE.1245235959" name="Link information (map) listed into &lt;file&gt; (--map_file, -m)" superClass="com.ti.ccstudio.buildDefinitions.TMS470_18.1.linkerID.MAP_FILE" useByScannerDiscovery="false" value="${ProjName}.map" valueType="string"/>
								<option id="com.ti.ccstudio.buildDefinitions.TMS470_18.1.linkerID.STACK_SIZE.20936238" name="Set C system stack size (--stack_size, -stack)" superClass="com.ti.ccstudio.buildDefinitions.TMS470_18.1.linkerID.STACK_SIZE" useByScannerDiscovery="false" value="2048" valueType="string"/>
								<option id="com.ti.ccstudio.buildDefinitions.TMS470_18.1.linkerID.HEAP_SIZE.1620634563" name="Heap size for C/C++ dynamic memory allocation (--heap_size, -heap)" superClass="com.ti.ccstudio.buildDefinitions.TMS470_18.1.linkerID.HEAP_SIZE" useByScannerDiscovery="false" value="1024" valueType="string"/>
								<option id="com.ti.ccstudio.buildDefinitions.TMS470_18.1.linkerID.OUTPUT_FILE.1345192561" name="Specify output file name (--output_file, -o)" superClass="com.ti.ccstudio.buildDefinitions.TMS470_18.1.linkerID.OUTPUT_FILE" useByScannerDiscovery="false" value="${ProjName}.out" valueType="string"/>
								<option id="com.ti.ccstudio.buildDefinitions.TMS470_18.1.linkerID.XML_LINK_INFO.1840897507" name="Detailed link information data-base into &lt;file&gt; (--xml_link_info, -xml_link_info)" superClass="com.ti.ccstudio.buildDefinitions.TMS470_18.1.linkerID.XML_LINK_INFO" useByScannerDiscovery="false" value="${ProjName}_linkInfo.xml" valueType="string"/>
								<option id="com.ti.ccstudio.buildDefinitions.TMS470_18.1.linkerID.DISPLAY_ERROR_NUMBER.1946051029" name="Emit diagnostic identifier numbers (--display_error_number)" superClass="com.ti.ccstudio.buildDefinitions.TMS470_18.1.linkerID.DISPLAY_ERROR_NUMBER" useByScannerDiscovery="false" value="true" valueType="boolean"/>
								<option id="com.ti.ccstudio.buildDefinitions.TMS470_18.1.linkerID.DIAG_WRAP.719657925" name="Wrap diagnostic messages (--diag_wrap)" superClass="com.ti.ccstudio.buildDefinitions.TMS470_18.1.linkerID.DIAG_WRAP" useByScannerDiscovery="false" value="com.ti.ccstudio.buildDefinitions.TMS470_18.1.linkerID.DIAG_WRAP.off" valueType="enumerated"/>
								<option id="com.ti.ccstudio.buildDefinitions.TMS470_18.1.linkerID.SEARCH_PATH.584743425" name="Add &lt;dir&gt; to library search path (--search_path, -i)" superClass="com.ti.ccstudio.buildDefinitions.TMS470_18.1.linkerID.SEARCH_PATH" valueType="libPaths">
									<listOptionValue builtIn="false" value="${CG_TOOL_ROOT}/lib"/>
									<listOptionValue builtIn="false" value="${CG_TOOL_ROOT}/include"/>
								</option>
								<option id="com.ti.ccstudio.buildDefinitions.TMS470_18.1.linkerID.LIBRARY.453465030" name="Include library file or command file as input (--library, -l)" superClass="com.ti.ccstudio.buildDefinitions.TMS470_18.1.linkerID.LIBRARY" useByScannerDiscovery="false" valueType="libs">
									<listOptionValue builtIn="false" value="libc.a"/>
									<listOptionValue builtIn="false" value="C:\ti\TivaWare_C_Series-2.1.4.178\driverlib\ccs\Debug\driverlib.lib"/>
								</option>
								<inputType id="com.ti.ccstudio.buildDefinitions.TMS470_18.1.exeLinker.inputType__CMD_SRCS.2065800338" name="Linker Command Files" superClass="com.ti.ccstudio.buildDefinitions.TMS470_18.1.exeLinker.inputType__CMD_SRCS"/>
								<inputType id="com.ti.ccstudio.buildDefinitions.TMS470_18.1.exeLinker.inputType__CMD2_SRCS.1665442240" name="Linker Command Files" superClass="com.ti.ccstudio.buildDefinitions.TMS470_18.1.exeLinker.inputType__CMD2_SRCS"/>
								<inputType id="com.ti.ccstudio.buildDefinitions.TMS470_18.1.exeLinker.inputType__GEN_CMDS.862389721" name="Generated Linker Command Files" superClass="com.ti.ccstudio.buildDefinitions.TMS470_18.1.exeLinker.inputType__GEN_CMDS"/>
							</tool>
							<tool id="com.ti.ccstudio.buildDefinitions.TMS470_18.1.hex.144458296" name="ARM Hex Utility" superClass="com.ti.ccstudio.buildDefinitions.TMS470_18.1.hex"/>
						</toolChain>
					</folderInfo>
				</configuration>
			</storageModule>
			<storageModule moduleId="org.eclipse.cdt.core.externalSettings"/>
		</cconfiguration>
		<cconfiguration id="com.ti.ccstudio.buildDefinitions.TMS470.Release.547974772">
			<storageModule buildSystemId="org.eclipse.cdt.managedbuilder.core.configurationDataProvider" id="com.ti.ccstudio.buildDefinitions.TMS470.Release.547974772" moduleId="org.eclipse.cdt.core.settings" name="Release">
				<externalSettings/>
				<extensions>
					<extension id="com.ti.ccstudio.binaryparser.CoffParser" point="org.eclipse.cdt.core.BinaryParser"/>
					<extension id="org.eclipse.cdt.core.GmakeErrorParser" point="org.eclipse.cdt.core.ErrorParser"/>
					<extension id="com.ti.ccstudio.errorparser.CoffErrorParser" point="org.eclipse.cdt.core.ErrorParser"/>
					<extension id="com.ti.ccstudio.errorparser.AsmErrorParser" point="org.eclipse.cdt.core.ErrorParser"/>
					<extension id="com.ti.ccstudio.errorparser.LinkErrorParser" point="org.eclipse.cdt.core.ErrorParser"/>
				</extensions>
			</storageModule>
			<storageModule moduleId="cdtBuildSystem" version="4.0.0">
				<configuration artifactExtension="out" artifactName="${ProjName}" buildProperties="" cleanCommand="${CG_CLEAN_CMD}" description="" id="com.ti.ccstudio.buildDefinitions.TMS470.Release.547974772" name="Release" parent="com.ti.ccstudio.buildDefinitions.TMS470.Release">
					<folderInfo id="com.ti.ccstudio.buildDefinitions.TMS470.Release.547974772." name="/" resourcePath="">
						<toolChain id="com.ti.ccstudio.buildDefinitions.TMS470_18.1.exe.ReleaseToolchain.1683047713" name="TI Build Tools" superClass="com.ti.ccstudio.buildDefinitions.TMS470_18.1.exe.ReleaseToolchain" targetTool="com.ti.ccstudio.buildDefinitions.TMS470_18.1.exe.linkerRelease.1345602306">
							<option id="com.ti.ccstudio.buildDefinitions.core.OPT_TAGS.1070902649" superClass="com.ti.ccstudio.buildDefinitions.core.OPT_TAGS" valueType="stringList">
								<listOptionValue builtIn="false" value="DEVICE_CONFIGURATION_ID=Cortex M.TM4C123GH6PM"/>
								<listOptionValue builtIn="false" value="DEVICE_ENDIANNESS=little"/>
								<listOptionValue builtIn="false" value="OUTPUT_FORMAT=ELF"/>
								<listOptionValue builtIn="false" value="CCS_MBS_VERSION=6.1.3"/>
								<listOptionValue builtIn="false" value="LINKER_COMMAND_FILE=tm4c123gh6pm.cmd"/>
								<listOptionValue builtIn="false" value="RUNTIME_SUPPORT_LIBRARY=libc.a"/>
								<listOptionValue builtIn="false" value="OUTPUT_TYPE=executable"/>
							</option>
							<option id="com.ti.ccstudio.buildDefinitions.core.OPT_CODEGEN_VERSION.1490761361" superClass="com.ti.ccstudio.buildDefinitions.core.OPT_CODEGEN_VERSION" value="18.1.2.LTS" valueType="string"/>
							<targetPlatform id="com.ti.ccstudio.buildDefinitions.TMS470_18.1.exe.targetPlatformRelease.8046481" name="Platform" superClass="com.ti.ccstudio.buildDefinitions.TMS470_18.1.exe.targetPlatformRelease"/>
							<builder buildPath="${BuildDirectory}" id="com.ti.ccstudio.buildDefinitions.TMS470_18.1.exe.builderRelease.678992323" name="GNU Make.Release" parallelBuildOn="true" parallelizationNumber="optimal" superClass="com.ti.ccstudio.buildDefinitions.TMS470_18.1.exe.builderRelease"/>
							<tool id="com.ti.ccstudio.buildDefinitions.TMS470_18.1.exe.compilerRelease.110468647" name="ARM Compiler" superClass="com.ti.ccstudio.buildDefinitions.TMS470_18.1.exe.compilerRelease">
								<option id="com.ti.ccstudio.buildDefinitions.TMS470_18.1.compilerID.SILICON_VERSION.1318555575" superClass="com.ti.ccstudio.buildDefinitions.TMS470_18.1.compilerID.SILICON_VERSION" useByScannerDiscovery="false" value="com.ti.ccstudio.buildDefinitions.TMS470_18.1.compilerID.SILICON_VERSION.7M4" valueType="enumerated"/>
								<option id="com.ti.ccstudio.buildDefinitions.TMS470_18.1.compilerID.CODE_STATE.2083354912" superClass="com.ti.ccstudio.buildDefinitions.TMS470_18.1.compilerID.CODE_STATE" useByScannerDiscovery="false" value="com.ti.ccstudio.buildDefinitions.TMS470_18.1.compilerID.CODE_STATE.16" valueType="enumerated"/>
								<option id="com.ti.ccstudio.buildDefinitions.TMS470_18.1.compilerID.ABI.1064653605" superClass="com.ti.ccstudio.buildDefinitions.TMS470_18.1.compilerID.ABI" useByScannerDiscovery="false" value="com.ti.ccstudio.buildDefinitions.TMS470_18.1.compilerID.ABI.eabi" valueType="enumerated"/>
								<option id="com.ti.ccstudio.buildDefinitions.TMS470_18.1.compilerID.FLOAT_SUPPORT.1613019141" superClass="com.ti.ccstudio.buildDefinitions.TMS470_18.1.compilerID.FLOAT_SUPPORT" useByScannerDiscovery="false" value="com.ti.ccstudio.buildDefinitions.TMS470_18.1.compilerID.FLOAT_SUPPORT.FPv4SPD16" valueType="enumerated"/>
								<option id="com.ti.ccstudio.buildDefinitions.TMS470_18.1.compilerID.GCC.726433308" superClass="com.ti.ccstudio.buildDefinitions.TMS470_18.1.compilerID.GCC" useByScannerDiscovery="false" value="true" valueType="boolean"/>
								<option id="com.ti.ccstudio.buildDefinitions.TMS470_18.1.compilerID.DEFINE.123664326" superClass="com.ti.ccstudio.buildDefinitions.TMS470_18.1.compilerID.DEFINE" valueType="definedSymbols">
									<listOptionValue builtIn="false" value="ccs=&quot;ccs&quot;"/>
									<listOptionValue builtIn="false" value="PART_TM4C123GH6PM"/>
								</option>
								<option id="com.ti.ccstudio.buildDefinitions.TMS470_18.1.compilerID.DIAG_WARNING.1583567626" superClass="com.ti.ccstudio.buildDefinitions.TMS470_18.1.compilerID.DIAG_WARNING" useByScannerDiscovery="false" valueType="stringList">
									<listOptionValue builtIn="false" value="225"/>
								</option>
								<option id="com.ti.ccstudio.buildDefinitions.TMS470_18.1.compilerID.DISPLAY_ERROR_NUMBER.1933158768" superClass="com.ti.ccstudio.buildDefinitions.TMS470_18.1.compilerID.DISPLAY_ERROR_NUMBER" useByScannerDiscovery="false" value="true" valueType="boolean"/>
								<option id="com.ti.ccstudio.buildDefinitions.TMS470_18.1.compilerID.DIAG_WRAP.1077343354" superClass="com.ti.ccstudio.buildDefinitions.TMS470_18.1.compilerID.DIAG_WRAP" useByScannerDiscovery="false" value="com.ti.ccstudio.buildDefinitions.TMS470_18.1.compilerID.DIAG_WRAP.off" valueType="enumerated"/>
								<option id="com.ti.ccstudio.buildDefinitions.TMS470_18.1.compilerID.INCLUDE_PATH.1443219898" superClass="com.ti.ccstudio.buildDefinitions.TMS470_18.1.compilerID.INCLUDE_PATH" valueType="includePath">
									<listOptionValue builtIn="false" value="${PROJECT_ROOT}"/>
									<listOptionValue builtIn="false" value="${CG_TOOL_ROOT}/include"/>
								</option>
								<option id="com.ti.ccstudio.buildDefinitions.TMS470_18.1.compilerID.LITTLE_ENDIAN.2025496155" superClass="com.ti.ccstudio.buildDefinitions.TMS470_18.1.compilerID.LITTLE_ENDIAN" useByScannerDiscovery="false" value="true" valueType="boolean"/>
								<inputType id="com.ti.ccstudio.buildDefinitions.TMS470_18.1.compiler.inputType__C_SRCS.419975405" name="C Sources" superClass="com.ti.ccstudio.buildDefinitions.TMS470_18.1.compiler.inputType__C_SRCS"/>
								<inputType id="com.ti.ccstudio.buildDefinitions.TMS470_18.1.compiler.inputType__CPP_SRCS.571830786" name="C++ Sources" superClass="com.ti.ccstudio.buildDefinitions.TMS470_18.1.compiler.inputType__CPP_SRCS"/>
								<inputType id="com.ti.ccstudio.buildDefinitions.TMS470_18.1.compiler.inputType__ASM_SRCS.1551890032" name="Assembly Sources" superClass="com.ti.ccstudio.buildDefinitions.TMS470_18.1.compiler.inputType__ASM_SRCS"/>
								<inputType id="com.ti.ccstudio.buildDefinitions.TMS470_18.1.compiler.inputType__ASM2_SRCS.1767819678" name="Assembly Sources" superClass="com.ti.ccstudio.buildDefinitions.TMS470_18.1.compiler.inputType__ASM2_SRCS"/>
							</tool>
							<tool id="com.ti.ccstudio.buildDefinitions.TMS470_18.1.exe.linkerRelease.1345602306" name="ARM Linker" superClass="com.ti.ccstudio.buildDefinitions.TMS470_18.1.exe.linkerRelease">
								<option id="com.ti.ccstudio.buildDefinitions.TMS470_18.1.linkerID.MAP_FILE.1645733285" superClass="com.ti.ccstudio.buildDefinitions.TMS470_18.1.linkerID.MAP_FILE" useByScannerDiscovery="false" value="${ProjName}.map" valueType="string"/>
								<option id="com.ti.ccstudio.buildDefinitions.TMS470_18.1.linkerID.STACK_SIZE.1066615610" superClass="com.ti.ccstudio.buildDefinitions.TMS470_18.1.linkerID.STACK_SIZE" useByScannerDiscovery="false" value="512" valueType="string"/>
								<option id="com.ti.ccstudio.buildDefinitions.TMS470_18.1.linkerID.HEAP_SIZE.238848743" superClass="com.ti.ccstudio.buildDefinitions.TMS470_18.1.linkerID.HEAP_SIZE" useByScannerDiscovery="false" value="0" valueType="string"/>
								<option id="com.ti.ccstudio.buildDefinitions.TMS470_18.1.linkerID.OUTPUT_FILE.1292516470" superClass="com.ti.ccstudio.buildDefinitions.TMS470_18.1.linkerID.OUTPUT_FILE" useByScannerDiscovery="false" value="${ProjName}.out" valueType="string"/>
								<option id="com.ti.ccstudio.buildDefinitions.TMS470_18.1.linkerID.XML_LINK_INFO.1543854547" superClass="com.ti.ccstudio.buildDefinitions.TMS470_18.1.linkerID.XML_LINK_INFO" useByScannerDiscovery="false" value="${ProjName}_linkInfo.xml" valueType="string"/>
								<option id="com.ti.ccstudio.buildDefinitions.TMS470_18.1.linkerID.DISPLAY_ERROR_NUMBER.1890737045" superClass="com.ti.ccstudio.buildDefinitions.TMS470_18.1.linkerID.DISPLAY_ERROR_NUMBER" useByScannerDiscovery="false" value="true" valueType="boolean"/>
								<option id="com.ti.ccstudio.buildDefinitions.TMS470_18.1.linkerID.DIAG_WRAP.1315333892" superClass="com.ti.ccstudio.buildDefinitions.TMS470_18.1.linkerID.DIAG_WRAP" useByScannerDiscovery="false" value="com.ti.ccstudio.buildDefinitions.TMS470_18.1.linkerID.DIAG_WRAP.off" valueType="enumerated"/>
								<option id="com.ti.ccstudio.buildDefinitions.TMS470_18.1.linkerID.SEARCH_PATH.552470218" superClass="com.ti.ccstudio.buildDefinitions.TMS470_18.1.linkerID.SEARCH_PATH" valueType="libPaths">
									<listOptionValue builtIn="false" value="${CG_TOOL_ROOT}/lib"/>
									<listOptionValue builtIn="false" value="${CG_TOOL_ROOT}/include"/>
								</option>
								<option id="com.ti.ccstudio.buildDefinitions.TMS470_18.1.linkerID.LIBRARY.1964840735" superClass="com.ti.ccstudio.buildDefinitions.TMS470_18.1.linkerID.LIBRARY" useByScannerDiscovery="false" valueType="libs">
									<listOptionValue builtIn="false" value="libc.a"/>
								</option>
								<inputType id="com.ti.ccstudio.buildDefinitions.TMS470_18.1.exeLinker.inputType__CMD_SRCS.456067290" name="Linker Command Files" superClass="com.ti.ccstudio.buildDefinitions.TMS470_18.1.exeLinker.inputType__CMD_SRCS"/>
								<inputType id="com.ti.ccstudio.buildDefinitions.TMS470_18.1.exeLinker.inputType__CMD2_SRCS.1531709271" name="Linker Command Files" superClass="com.ti.ccstudio.buildDefinitions.TMS470_18.1.exeLinker.inputType__CMD2_SRCS"/>
								<inputType id="com.ti.ccstudio.buildDefinitions.TMS470_18.1.exeLinker.inputType__GEN_CMDS.817261905" name="Generated Linker Command Files" superClass="com.ti.ccstudio.buildDefinitions.TMS470_18.1.exeLinker.inputType__GEN_CMDS"/>
							</tool>
							<tool id="com.ti.ccstudio.buildDefinitions.TMS470_18.1.hex.1328323159" name="ARM Hex Utility" superClass="com.ti.ccstudio.buildDefinitions.TMS470_18.1.hex"/>
						</toolChain>
					</folderInfo>
				</configuration>
			</storageModule>
			<storageModule moduleId="org.eclipse.cdt.core.externalSettings"/>
		</cconfiguration>
	</storageModule>
	<storageModule moduleId="org.eclipse.cdt.core.LanguageSettingsProviders"/>
	<storageModule moduleId="org.eclipse.cdt.core.language.mapping">
		<project-mappings>
			<content-type-mapping configuration="" content-type="org.eclipse.cdt.core.asmSource" language="com.ti.ccstudio.core.TIASMLanguage"/>
			<content-type-mapping configuration="" content-type="org.eclipse.cdt.core.cHeader" language="com.ti.ccstudio.core.TIGCCLanguage"/>
			<content-type-mapping configuration="" content-type="org.eclipse.cdt.core.cSource" language="com.ti.ccstudio.core.TIGCCLanguage"/>
			<content-type-mapping configuration="" content-type="org.eclipse.cdt.core.cxxHeader" language="com.ti.ccstudio.core.TIGPPLanguage"/>
			<content-type-mapping configuration="" content-type="org.eclipse.cdt.core.cxxSource" language="com.ti.ccstudio.core.TIGPPLanguage"/>
		</project-mappings>
	</storageModule>
	<storageModule moduleId="org.eclipse.cdt.core.pathentry"/>
	<storageModule moduleId="cdtBuildSystem" version="4.0.0">
		<project id="helloworld.com.ti.ccstudio.buildDefinitions.TMS470.ProjectType.1070094407" name="TMS470" projectType="com.ti.ccstudio.buildDefinitions.TMS470.ProjectType"/>
	</storageModule>
	<storageModule moduleId="scannerConfiguration"/>
	<storageModule moduleId="org.eclipse.cdt.make.core.buildtargets"/>
</cproject>
